Date;Source;Site ID;POC;Daily Mean PM10 Concentration;UNITS;DAILY_AQI_VALUE;Site Name;DAILY_OBS_COUNT;PERCENT_COMPLETE;AQS_PARAMETER_CODE;AQS_PARAMETER_DESC;CBSA_CODE;CBSA_NAME;STATE_CODE;STATE;COUNTY_CODE;COUNTY;SITE_LATITUDE;SITE_LONGITUDE
01.01.2000;AQS;360050110;1;33;ug/m3 SC;31;IS 52;1;100;81102;PM10 Total 0-10um STP;35620;New York-Newark-Jersey City, NY-NJ-PA;36;New York;5;Bronx;40.816;-73.902
01.01.2000;AQS;360050110;4;31;ug/m3 SC;29;IS 52;1;100;81102;PM10 Total 0-10um STP;35620;New York-Newark-Jersey City, NY-NJ-PA;36;New York;5;Bronx;40.816;-73.902
02.01.2000;AQS;360050110;4;22;ug/m3 SC;20;IS 52;1;100;81102;PM10 Total 0-10um STP;35620;New York-Newark-Jersey City, NY-NJ-PA;36;New York;5;Bronx;40.816;-73.902
03.01.2000;AQS;360050110;4;20;ug/m3 SC;19;IS 52;1;100;81102;PM10 Total 0-10um STP;35620;New York-Newark-Jersey City, NY-NJ-PA;36;New York;5;Bronx;40.816;-73.902
04.01.2000;AQS;360050110;4;18;ug/m3 SC;17;IS 52;1;100;81102;PM10 Total 0-10um STP;35620;New York-Newark-Jersey City, NY-NJ-PA;36;New York;5;Bronx;40.816;-73.902
05.01.2000;AQS;360050110;4;24;ug/m3 SC;22;IS 52;1;100;81102;PM10 Total 0-10um STP;35620;New York-Newark-Jersey City, NY-NJ-PA;36;New York;5;Bronx;40.816;-73.902
06.01.2000;AQS;360050110;4;52;ug/m3 SC;48;IS 52;1;100;81102;PM10 Total 0-10um STP;35620;New York-Newark-Jersey City, NY-NJ-PA;36;New York;5;Bronx;40.816;-73.902
07.01.2000;AQS;360050110;4;23;ug/m3 SC;21;IS 52;1;100;81102;PM10 Total 0-10um STP;35620;New York-Newark-Jersey City, NY-NJ-PA;36;New York;5;Bronx;40.816;-73.902
08.01.2000;AQS;360050110;4;23;ug/m3 SC;21;IS 52;1;100;81102;PM10 Total 0-10um STP;35620;New York-Newark-Jersey City, NY-NJ-PA;36;New York;5;Bronx;40.816;-73.902
09.01.2000;AQS;360050110;4;17;ug/m3 SC;16;IS 52;1;100;81102;PM10 Total 0-10um STP;35620;New York-Newark-Jersey City, NY-NJ-PA;36;New York;5;Bronx;40.816;-73.902
10.01.2000;AQS;360050110;4;20;ug/m3 SC;19;IS 52;1;100;81102;PM10 Total 0-10um STP;35620;New York-Newark-Jersey City, NY-NJ-PA;36;New York;5;Bronx;40.816;-73.902
11.01.2000;AQS;360050110;4;16;ug/m3 SC;15;IS 52;1;100;81102;PM10 Total 0-10um STP;35620;New York-Newark-Jersey City, NY-NJ-PA;36;New York;5;Bronx;40.816;-73.902
12.01.2000;AQS;360050110;4;9;ug/m3 SC;8;IS 52;1;100;81102;PM10 Total 0-10um STP;35620;New York-Newark-Jersey City, NY-NJ-PA;36;New York;5;Bronx;40.816;-73.902
01.02.2000;AQS;360050110;4;38;ug/m3 SC;35;IS 52;1;100;81102;PM10 Total 0-10um STP;35620;New York-Newark-Jersey City, NY-NJ-PA;36;New York;5;Bronx;40.816;-73.902
02.02.2000;AQS;360050110;4;9;ug/m3 SC;8;IS 52;1;100;81102;PM10 Total 0-10um STP;35620;New York-Newark-Jersey City, NY-NJ-PA;36;New York;5;Bronx;40.816;-73.902
03.02.2000;AQS;360050110;4;10;ug/m3 SC;9;IS 52;1;100;81102;PM10 Total 0-10um STP;35620;New York-Newark-Jersey City, NY-NJ-PA;36;New York;5;Bronx;40.816;-73.902
04.02.2000;AQS;360050110;4;25;ug/m3 SC;23;IS 52;1;100;81102;PM10 Total 0-10um STP;35620;New York-Newark-Jersey City, NY-NJ-PA;36;New York;5;Bronx;40.816;-73.902
05.02.2000;AQS;360050110;4;18;ug/m3 SC;17;IS 52;1;100;81102;PM10 Total 0-10um STP;35620;New York-Newark-Jersey City, NY-NJ-PA;36;New York;5;Bronx;40.816;-73.902
06.02.2000;AQS;360050110;4;55;ug/m3 SC;51;IS 52;1;100;81102;PM10 Total 0-10um STP;35620;New York-Newark-Jersey City, NY-NJ-PA;36;New York;5;Bronx;40.816;-73.902
07.02.2000;AQS;360050110;4;30;ug/m3 SC;28;IS 52;1;100;81102;PM10 Total 0-10um STP;35620;New York-Newark-Jersey City, NY-NJ-PA;36;New York;5;Bronx;40.816;-73.902
08.02.2000;AQS;360050110;4;40;ug/m3 SC;37;IS 52;1;100;81102;PM10 Total 0-10um STP;35620;New York-Newark-Jersey City, NY-NJ-PA;36;New York;5;Bronx;40.816;-73.902
09.02.2000;AQS;360050110;4;24;ug/m3 SC;22;IS 52;1;100;81102;PM10 Total 0-10um STP;35620;New York-Newark-Jersey City, NY-NJ-PA;36;New York;5;Bronx;40.816;-73.902
10.02.2000;AQS;360050110;4;33;ug/m3 SC;31;IS 52;1;100;81102;PM10 Total 0-10um STP;35620;New York-Newark-Jersey City, NY-NJ-PA;36;New York;5;Bronx;40.816;-73.902
11.02.2000;AQS;360050110;4;15;ug/m3 SC;14;IS 52;1;100;81102;PM10 Total 0-10um STP;35620;New York-Newark-Jersey City, NY-NJ-PA;36;New York;5;Bronx;40.816;-73.902
12.02.2000;AQS;360050110;1;10;ug/m3 SC;9;IS 52;1;100;81102;PM10 Total 0-10um STP;35620;New York-Newark-Jersey City, NY-NJ-PA;36;New York;5;Bronx;40.816;-73.902
12.02.2000;AQS;360050110;4;10;ug/m3 SC;9;IS 52;1;100;81102;PM10 Total 0-10um STP;35620;New York-Newark-Jersey City, NY-NJ-PA;36;New York;5;Bronx;40.816;-73.902
01.03.2000;AQS;360050110;4;29;ug/m3 SC;27;IS 52;1;100;81102;PM10 Total 0-10um STP;35620;New York-Newark-Jersey City, NY-NJ-PA;36;New York;5;Bronx;40.816;-73.902
02.03.2000;AQS;360050110;4;19;ug/m3 SC;18;IS 52;1;100;81102;PM10 Total 0-10um STP;35620;New York-Newark-Jersey City, NY-NJ-PA;36;New York;5;Bronx;40.816;-73.902
03.03.2000;AQS;360050110;4;8;ug/m3 SC;7;IS 52;1;100;81102;PM10 Total 0-10um STP;35620;New York-Newark-Jersey City, NY-NJ-PA;36;New York;5;Bronx;40.816;-73.902
05.03.2000;AQS;360050110;4;21;ug/m3 SC;19;IS 52;1;100;81102;PM10 Total 0-10um STP;35620;New York-Newark-Jersey City, NY-NJ-PA;36;New York;5;Bronx;40.816;-73.902
06.03.2000;AQS;360050110;4;12;ug/m3 SC;11;IS 52;1;100;81102;PM10 Total 0-10um STP;35620;New York-Newark-Jersey City, NY-NJ-PA;36;New York;5;Bronx;40.816;-73.902
07.03.2000;AQS;360050110;4;47;ug/m3 SC;44;IS 52;1;100;81102;PM10 Total 0-10um STP;35620;New York-Newark-Jersey City, NY-NJ-PA;36;New York;5;Bronx;40.816;-73.902
08.03.2000;AQS;360050110;4;31;ug/m3 SC;29;IS 52;1;100;81102;PM10 Total 0-10um STP;35620;New York-Newark-Jersey City, NY-NJ-PA;36;New York;5;Bronx;40.816;-73.902
09.03.2000;AQS;360050110;1;24;ug/m3 SC;22;IS 52;1;100;81102;PM10 Total 0-10um STP;35620;New York-Newark-Jersey City, NY-NJ-PA;36;New York;5;Bronx;40.816;-73.902
09.03.2000;AQS;360050110;4;26;ug/m3 SC;24;IS 52;1;100;81102;PM10 Total 0-10um STP;35620;New York-Newark-Jersey City, NY-NJ-PA;36;New York;5;Bronx;40.816;-73.902
10.03.2000;AQS;360050110;1;37;ug/m3 SC;34;IS 52;1;100;81102;PM10 Total 0-10um STP;35620;New York-Newark-Jersey City, NY-NJ-PA;36;New York;5;Bronx;40.816;-73.902
10.03.2000;AQS;360050110;4;46;ug/m3 SC;43;IS 52;1;100;81102;PM10 Total 0-10um STP;35620;New York-Newark-Jersey City, NY-NJ-PA;36;New York;5;Bronx;40.816;-73.902
11.03.2000;AQS;360050110;4;27;ug/m3 SC;25;IS 52;1;100;81102;PM10 Total 0-10um STP;35620;New York-Newark-Jersey City, NY-NJ-PA;36;New York;5;Bronx;40.816;-73.902
12.03.2000;AQS;360050110;4;15;ug/m3 SC;14;IS 52;1;100;81102;PM10 Total 0-10um STP;35620;New York-Newark-Jersey City, NY-NJ-PA;36;New York;5;Bronx;40.816;-73.902
01.04.2000;AQS;360050110;4;19;ug/m3 SC;18;IS 52;1;100;81102;PM10 Total 0-10um STP;35620;New York-Newark-Jersey City, NY-NJ-PA;36;New York;5;Bronx;40.816;-73.902
02.04.2000;AQS;360050110;4;28;ug/m3 SC;26;IS 52;1;100;81102;PM10 Total 0-10um STP;35620;New York-Newark-Jersey City, NY-NJ-PA;36;New York;5;Bronx;40.816;-73.902
03.04.2000;AQS;360050110;4;9;ug/m3 SC;8;IS 52;1;100;81102;PM10 Total 0-10um STP;35620;New York-Newark-Jersey City, NY-NJ-PA;36;New York;5;Bronx;40.816;-73.902
05.04.2000;AQS;360050110;4;23;ug/m3 SC;21;IS 52;1;100;81102;PM10 Total 0-10um STP;35620;New York-Newark-Jersey City, NY-NJ-PA;36;New York;5;Bronx;40.816;-73.902
06.04.2000;AQS;360050110;4;12;ug/m3 SC;11;IS 52;1;100;81102;PM10 Total 0-10um STP;35620;New York-Newark-Jersey City, NY-NJ-PA;36;New York;5;Bronx;40.816;-73.902
07.04.2000;AQS;360050110;4;35;ug/m3 SC;32;IS 52;1;100;81102;PM10 Total 0-10um STP;35620;New York-Newark-Jersey City, NY-NJ-PA;36;New York;5;Bronx;40.816;-73.902
08.04.2000;AQS;360050110;1;18;ug/m3 SC;17;IS 52;1;100;81102;PM10 Total 0-10um STP;35620;New York-Newark-Jersey City, NY-NJ-PA;36;New York;5;Bronx;40.816;-73.902
08.04.2000;AQS;360050110;4;18;ug/m3 SC;17;IS 52;1;100;81102;PM10 Total 0-10um STP;35620;New York-Newark-Jersey City, NY-NJ-PA;36;New York;5;Bronx;40.816;-73.902
09.04.2000;AQS;360050110;4;16;ug/m3 SC;15;IS 52;1;100;81102;PM10 Total 0-10um STP;35620;New York-Newark-Jersey City, NY-NJ-PA;36;New York;5;Bronx;40.816;-73.902
10.04.2000;AQS;360050110;4;35;ug/m3 SC;32;IS 52;1;100;81102;PM10 Total 0-10um STP;35620;New York-Newark-Jersey City, NY-NJ-PA;36;New York;5;Bronx;40.816;-73.902
11.04.2000;AQS;360050110;4;32;ug/m3 SC;30;IS 52;1;100;81102;PM10 Total 0-10um STP;35620;New York-Newark-Jersey City, NY-NJ-PA;36;New York;5;Bronx;40.816;-73.902
12.04.2000;AQS;360050110;4;32;ug/m3 SC;30;IS 52;1;100;81102;PM10 Total 0-10um STP;35620;New York-Newark-Jersey City, NY-NJ-PA;36;New York;5;Bronx;40.816;-73.902
01.05.2000;AQS;360050110;4;6;ug/m3 SC;6;IS 52;1;100;81102;PM10 Total 0-10um STP;35620;New York-Newark-Jersey City, NY-NJ-PA;36;New York;5;Bronx;40.816;-73.902
02.05.2000;AQS;360050110;4;20;ug/m3 SC;19;IS 52;1;100;81102;PM10 Total 0-10um STP;35620;New York-Newark-Jersey City, NY-NJ-PA;36;New York;5;Bronx;40.816;-73.902
03.05.2000;AQS;360050110;4;13;ug/m3 SC;12;IS 52;1;100;81102;PM10 Total 0-10um STP;35620;New York-Newark-Jersey City, NY-NJ-PA;36;New York;5;Bronx;40.816;-73.902
05.05.2000;AQS;360050110;4;34;ug/m3 SC;31;IS 52;1;100;81102;PM10 Total 0-10um STP;35620;New York-Newark-Jersey City, NY-NJ-PA;36;New York;5;Bronx;40.816;-73.902
06.05.2000;AQS;360050110;1;14;ug/m3 SC;13;IS 52;1;100;81102;PM10 Total 0-10um STP;35620;New York-Newark-Jersey City, NY-NJ-PA;36;New York;5;Bronx;40.816;-73.902
06.05.2000;AQS;360050110;4;13;ug/m3 SC;12;IS 52;1;100;81102;PM10 Total 0-10um STP;35620;New York-Newark-Jersey City, NY-NJ-PA;36;New York;5;Bronx;40.816;-73.902
07.05.2000;AQS;360050110;1;18;ug/m3 SC;17;IS 52;1;100;81102;PM10 Total 0-10um STP;35620;New York-Newark-Jersey City, NY-NJ-PA;36;New York;5;Bronx;40.816;-73.902
07.05.2000;AQS;360050110;4;15;ug/m3 SC;14;IS 52;1;100;81102;PM10 Total 0-10um STP;35620;New York-Newark-Jersey City, NY-NJ-PA;36;New York;5;Bronx;40.816;-73.902
08.05.2000;AQS;360050110;4;14;ug/m3 SC;13;IS 52;1;100;81102;PM10 Total 0-10um STP;35620;New York-Newark-Jersey City, NY-NJ-PA;36;New York;5;Bronx;40.816;-73.902
09.05.2000;AQS;360050110;4;6;ug/m3 SC;6;IS 52;1;100;81102;PM10 Total 0-10um STP;35620;New York-Newark-Jersey City, NY-NJ-PA;36;New York;5;Bronx;40.816;-73.902
10.05.2000;AQS;360050110;4;16;ug/m3 SC;15;IS 52;1;100;81102;PM10 Total 0-10um STP;35620;New York-Newark-Jersey City, NY-NJ-PA;36;New York;5;Bronx;40.816;-73.902
11.05.2000;AQS;360050110;4;11;ug/m3 SC;10;IS 52;1;100;81102;PM10 Total 0-10um STP;35620;New York-Newark-Jersey City, NY-NJ-PA;36;New York;5;Bronx;40.816;-73.902
12.05.2000;AQS;360050110;4;28;ug/m3 SC;26;IS 52;1;100;81102;PM10 Total 0-10um STP;35620;New York-Newark-Jersey City, NY-NJ-PA;36;New York;5;Bronx;40.816;-73.902
01.06.2000;AQS;360050110;4;13;ug/m3 SC;12;IS 52;1;100;81102;PM10 Total 0-10um STP;35620;New York-Newark-Jersey City, NY-NJ-PA;36;New York;5;Bronx;40.816;-73.902
02.06.2000;AQS;360050110;1;12;ug/m3 SC;11;IS 52;1;100;81102;PM10 Total 0-10um STP;35620;New York-Newark-Jersey City, NY-NJ-PA;36;New York;5;Bronx;40.816;-73.902
02.06.2000;AQS;360050110;4;12;ug/m3 SC;11;IS 52;1;100;81102;PM10 Total 0-10um STP;35620;New York-Newark-Jersey City, NY-NJ-PA;36;New York;5;Bronx;40.816;-73.902
03.06.2000;AQS;360050110;4;11;ug/m3 SC;10;IS 52;1;100;81102;PM10 Total 0-10um STP;35620;New York-Newark-Jersey City, NY-NJ-PA;36;New York;5;Bronx;40.816;-73.902
04.06.2000;AQS;360050110;1;29;ug/m3 SC;27;IS 52;1;100;81102;PM10 Total 0-10um STP;35620;New York-Newark-Jersey City, NY-NJ-PA;36;New York;5;Bronx;40.816;-73.902
05.06.2000;AQS;360050110;1;39;ug/m3 SC;36;IS 52;1;100;81102;PM10 Total 0-10um STP;35620;New York-Newark-Jersey City, NY-NJ-PA;36;New York;5;Bronx;40.816;-73.902
05.06.2000;AQS;360050110;4;43;ug/m3 SC;40;IS 52;1;100;81102;PM10 Total 0-10um STP;35620;New York-Newark-Jersey City, NY-NJ-PA;36;New York;5;Bronx;40.816;-73.902
06.06.2000;AQS;360050110;4;8;ug/m3 SC;7;IS 52;1;100;81102;PM10 Total 0-10um STP;35620;New York-Newark-Jersey City, NY-NJ-PA;36;New York;5;Bronx;40.816;-73.902
07.06.2000;AQS;360050110;4;13;ug/m3 SC;12;IS 52;1;100;81102;PM10 Total 0-10um STP;35620;New York-Newark-Jersey City, NY-NJ-PA;36;New York;5;Bronx;40.816;-73.902
08.06.2000;AQS;360050110;4;32;ug/m3 SC;30;IS 52;1;100;81102;PM10 Total 0-10um STP;35620;New York-Newark-Jersey City, NY-NJ-PA;36;New York;5;Bronx;40.816;-73.902
09.06.2000;AQS;360050110;4;11;ug/m3 SC;10;IS 52;1;100;81102;PM10 Total 0-10um STP;35620;New York-Newark-Jersey City, NY-NJ-PA;36;New York;5;Bronx;40.816;-73.902
10.06.2000;AQS;360050110;4;30;ug/m3 SC;28;IS 52;1;100;81102;PM10 Total 0-10um STP;35620;New York-Newark-Jersey City, NY-NJ-PA;36;New York;5;Bronx;40.816;-73.902
11.06.2000;AQS;360050110;4;12;ug/m3 SC;11;IS 52;1;100;81102;PM10 Total 0-10um STP;35620;New York-Newark-Jersey City, NY-NJ-PA;36;New York;5;Bronx;40.816;-73.902
12.06.2000;AQS;360050110;4;10;ug/m3 SC;9;IS 52;1;100;81102;PM10 Total 0-10um STP;35620;New York-Newark-Jersey City, NY-NJ-PA;36;New York;5;Bronx;40.816;-73.902
01.07.2000;AQS;360050110;1;20;ug/m3 SC;19;IS 52;1;100;81102;PM10 Total 0-10um STP;35620;New York-Newark-Jersey City, NY-NJ-PA;36;New York;5;Bronx;40.816;-73.902
01.07.2000;AQS;360050110;4;18;ug/m3 SC;17;IS 52;1;100;81102;PM10 Total 0-10um STP;35620;New York-Newark-Jersey City, NY-NJ-PA;36;New York;5;Bronx;40.816;-73.902
02.07.2000;AQS;360050110;4;19;ug/m3 SC;18;IS 52;1;100;81102;PM10 Total 0-10um STP;35620;New York-Newark-Jersey City, NY-NJ-PA;36;New York;5;Bronx;40.816;-73.902
03.07.2000;AQS;360050110;1;24;ug/m3 SC;22;IS 52;1;100;81102;PM10 Total 0-10um STP;35620;New York-Newark-Jersey City, NY-NJ-PA;36;New York;5;Bronx;40.816;-73.902
03.07.2000;AQS;360050110;4;30;ug/m3 SC;28;IS 52;1;100;81102;PM10 Total 0-10um STP;35620;New York-Newark-Jersey City, NY-NJ-PA;36;New York;5;Bronx;40.816;-73.902
05.07.2000;AQS;360050110;4;40;ug/m3 SC;37;IS 52;1;100;81102;PM10 Total 0-10um STP;35620;New York-Newark-Jersey City, NY-NJ-PA;36;New York;5;Bronx;40.816;-73.902
06.07.2000;AQS;360050110;4;12;ug/m3 SC;11;IS 52;1;100;81102;PM10 Total 0-10um STP;35620;New York-Newark-Jersey City, NY-NJ-PA;36;New York;5;Bronx;40.816;-73.902
07.07.2000;AQS;360050110;4;12;ug/m3 SC;11;IS 52;1;100;81102;PM10 Total 0-10um STP;35620;New York-Newark-Jersey City, NY-NJ-PA;36;New York;5;Bronx;40.816;-73.902
08.07.2000;AQS;360050110;4;37;ug/m3 SC;34;IS 52;1;100;81102;PM10 Total 0-10um STP;35620;New York-Newark-Jersey City, NY-NJ-PA;36;New York;5;Bronx;40.816;-73.902
09.07.2000;AQS;360050110;4;22;ug/m3 SC;20;IS 52;1;100;81102;PM10 Total 0-10um STP;35620;New York-Newark-Jersey City, NY-NJ-PA;36;New York;5;Bronx;40.816;-73.902
10.07.2000;AQS;360050110;4;10;ug/m3 SC;9;IS 52;1;100;81102;PM10 Total 0-10um STP;35620;New York-Newark-Jersey City, NY-NJ-PA;36;New York;5;Bronx;40.816;-73.902
11.07.2000;AQS;360050110;4;17;ug/m3 SC;16;IS 52;1;100;81102;PM10 Total 0-10um STP;35620;New York-Newark-Jersey City, NY-NJ-PA;36;New York;5;Bronx;40.816;-73.902
12.07.2000;AQS;360050110;4;17;ug/m3 SC;16;IS 52;1;100;81102;PM10 Total 0-10um STP;35620;New York-Newark-Jersey City, NY-NJ-PA;36;New York;5;Bronx;40.816;-73.902
01.08.2000;AQS;360050110;4;15;ug/m3 SC;14;IS 52;1;100;81102;PM10 Total 0-10um STP;35620;New York-Newark-Jersey City, NY-NJ-PA;36;New York;5;Bronx;40.816;-73.902
02.08.2000;AQS;360050110;4;16;ug/m3 SC;15;IS 52;1;100;81102;PM10 Total 0-10um STP;35620;New York-Newark-Jersey City, NY-NJ-PA;36;New York;5;Bronx;40.816;-73.902
03.08.2000;AQS;360050110;4;40;ug/m3 SC;37;IS 52;1;100;81102;PM10 Total 0-10um STP;35620;New York-Newark-Jersey City, NY-NJ-PA;36;New York;5;Bronx;40.816;-73.902
05.08.2000;AQS;360050110;4;51;ug/m3 SC;47;IS 52;1;100;81102;PM10 Total 0-10um STP;35620;New York-Newark-Jersey City, NY-NJ-PA;36;New York;5;Bronx;40.816;-73.902
06.08.2000;AQS;360050110;4;38;ug/m3 SC;35;IS 52;1;100;81102;PM10 Total 0-10um STP;35620;New York-Newark-Jersey City, NY-NJ-PA;36;New York;5;Bronx;40.816;-73.902
07.08.2000;AQS;360050110;4;10;ug/m3 SC;9;IS 52;1;100;81102;PM10 Total 0-10um STP;35620;New York-Newark-Jersey City, NY-NJ-PA;36;New York;5;Bronx;40.816;-73.902
08.08.2000;AQS;360050110;4;30;ug/m3 SC;28;IS 52;1;100;81102;PM10 Total 0-10um STP;35620;New York-Newark-Jersey City, NY-NJ-PA;36;New York;5;Bronx;40.816;-73.902
09.08.2000;AQS;360050110;4;27;ug/m3 SC;25;IS 52;1;100;81102;PM10 Total 0-10um STP;35620;New York-Newark-Jersey City, NY-NJ-PA;36;New York;5;Bronx;40.816;-73.902
10.08.2000;AQS;360050110;4;8;ug/m3 SC;7;IS 52;1;100;81102;PM10 Total 0-10um STP;35620;New York-Newark-Jersey City, NY-NJ-PA;36;New York;5;Bronx;40.816;-73.902
11.08.2000;AQS;360050110;4;28;ug/m3 SC;26;IS 52;1;100;81102;PM10 Total 0-10um STP;35620;New York-Newark-Jersey City, NY-NJ-PA;36;New York;5;Bronx;40.816;-73.902
12.08.2000;AQS;360050110;1;24;ug/m3 SC;22;IS 52;1;100;81102;PM10 Total 0-10um STP;35620;New York-Newark-Jersey City, NY-NJ-PA;36;New York;5;Bronx;40.816;-73.902
12.08.2000;AQS;360050110;4;21;ug/m3 SC;19;IS 52;1;100;81102;PM10 Total 0-10um STP;35620;New York-Newark-Jersey City, NY-NJ-PA;36;New York;5;Bronx;40.816;-73.902
01.09.2000;AQS;360050110;4;23;ug/m3 SC;21;IS 52;1;100;81102;PM10 Total 0-10um STP;35620;New York-Newark-Jersey City, NY-NJ-PA;36;New York;5;Bronx;40.816;-73.902
02.09.2000;AQS;360050110;4;28;ug/m3 SC;26;IS 52;1;100;81102;PM10 Total 0-10um STP;35620;New York-Newark-Jersey City, NY-NJ-PA;36;New York;5;Bronx;40.816;-73.902
03.09.2000;AQS;360050110;4;66;ug/m3 SC;56;IS 52;1;100;81102;PM10 Total 0-10um STP;35620;New York-Newark-Jersey City, NY-NJ-PA;36;New York;5;Bronx;40.816;-73.902
05.09.2000;AQS;360050110;4;55;ug/m3 SC;51;IS 52;1;100;81102;PM10 Total 0-10um STP;35620;New York-Newark-Jersey City, NY-NJ-PA;36;New York;5;Bronx;40.816;-73.902
06.09.2000;AQS;360050110;4;46;ug/m3 SC;43;IS 52;1;100;81102;PM10 Total 0-10um STP;35620;New York-Newark-Jersey City, NY-NJ-PA;36;New York;5;Bronx;40.816;-73.902
07.09.2000;AQS;360050110;4;31;ug/m3 SC;29;IS 52;1;100;81102;PM10 Total 0-10um STP;35620;New York-Newark-Jersey City, NY-NJ-PA;36;New York;5;Bronx;40.816;-73.902
08.09.2000;AQS;360050110;4;38;ug/m3 SC;35;IS 52;1;100;81102;PM10 Total 0-10um STP;35620;New York-Newark-Jersey City, NY-NJ-PA;36;New York;5;Bronx;40.816;-73.902
09.09.2000;AQS;360050110;1;37;ug/m3 SC;34;IS 52;1;100;81102;PM10 Total 0-10um STP;35620;New York-Newark-Jersey City, NY-NJ-PA;36;New York;5;Bronx;40.816;-73.902
09.09.2000;AQS;360050110;4;41;ug/m3 SC;38;IS 52;1;100;81102;PM10 Total 0-10um STP;35620;New York-Newark-Jersey City, NY-NJ-PA;36;New York;5;Bronx;40.816;-73.902
10.09.2000;AQS;360050110;1;9;ug/m3 SC;8;IS 52;1;100;81102;PM10 Total 0-10um STP;35620;New York-Newark-Jersey City, NY-NJ-PA;36;New York;5;Bronx;40.816;-73.902
10.09.2000;AQS;360050110;4;10;ug/m3 SC;9;IS 52;1;100;81102;PM10 Total 0-10um STP;35620;New York-Newark-Jersey City, NY-NJ-PA;36;New York;5;Bronx;40.816;-73.902
11.09.2000;AQS;360050110;4;36;ug/m3 SC;33;IS 52;1;100;81102;PM10 Total 0-10um STP;35620;New York-Newark-Jersey City, NY-NJ-PA;36;New York;5;Bronx;40.816;-73.902
12.09.2000;AQS;360050110;4;20;ug/m3 SC;19;IS 52;1;100;81102;PM10 Total 0-10um STP;35620;New York-Newark-Jersey City, NY-NJ-PA;36;New York;5;Bronx;40.816;-73.902
01.10.2000;AQS;360050110;4;16;ug/m3 SC;15;IS 52;1;100;81102;PM10 Total 0-10um STP;35620;New York-Newark-Jersey City, NY-NJ-PA;36;New York;5;Bronx;40.816;-73.902
02.10.2000;AQS;360050110;4;40;ug/m3 SC;37;IS 52;1;100;81102;PM10 Total 0-10um STP;35620;New York-Newark-Jersey City, NY-NJ-PA;36;New York;5;Bronx;40.816;-73.902
03.10.2000;AQS;360050110;4;11;ug/m3 SC;10;IS 52;1;100;81102;PM10 Total 0-10um STP;35620;New York-Newark-Jersey City, NY-NJ-PA;36;New York;5;Bronx;40.816;-73.902
06.10.2000;AQS;360050110;4;56;ug/m3 SC;51;IS 52;1;100;81102;PM10 Total 0-10um STP;35620;New York-Newark-Jersey City, NY-NJ-PA;36;New York;5;Bronx;40.816;-73.902
07.10.2000;AQS;360050110;4;31;ug/m3 SC;29;IS 52;1;100;81102;PM10 Total 0-10um STP;35620;New York-Newark-Jersey City, NY-NJ-PA;36;New York;5;Bronx;40.816;-73.902
08.10.2000;AQS;360050110;1;23;ug/m3 SC;21;IS 52;1;100;81102;PM10 Total 0-10um STP;35620;New York-Newark-Jersey City, NY-NJ-PA;36;New York;5;Bronx;40.816;-73.902
08.10.2000;AQS;360050110;4;25;ug/m3 SC;23;IS 52;1;100;81102;PM10 Total 0-10um STP;35620;New York-Newark-Jersey City, NY-NJ-PA;36;New York;5;Bronx;40.816;-73.902
09.10.2000;AQS;360050110;4;31;ug/m3 SC;29;IS 52;1;100;81102;PM10 Total 0-10um STP;35620;New York-Newark-Jersey City, NY-NJ-PA;36;New York;5;Bronx;40.816;-73.902
10.10.2000;AQS;360050110;4;14;ug/m3 SC;13;IS 52;1;100;81102;PM10 Total 0-10um STP;35620;New York-Newark-Jersey City, NY-NJ-PA;36;New York;5;Bronx;40.816;-73.902
11.10.2000;AQS;360050110;4;9;ug/m3 SC;8;IS 52;1;100;81102;PM10 Total 0-10um STP;35620;New York-Newark-Jersey City, NY-NJ-PA;36;New York;5;Bronx;40.816;-73.902
12.10.2000;AQS;360050110;4;19;ug/m3 SC;18;IS 52;1;100;81102;PM10 Total 0-10um STP;35620;New York-Newark-Jersey City, NY-NJ-PA;36;New York;5;Bronx;40.816;-73.902
01.11.2000;AQS;360050110;4;13;ug/m3 SC;12;IS 52;1;100;81102;PM10 Total 0-10um STP;35620;New York-Newark-Jersey City, NY-NJ-PA;36;New York;5;Bronx;40.816;-73.902
02.11.2000;AQS;360050110;4;40;ug/m3 SC;37;IS 52;1;100;81102;PM10 Total 0-10um STP;35620;New York-Newark-Jersey City, NY-NJ-PA;36;New York;5;Bronx;40.816;-73.902
03.11.2000;AQS;360050110;4;13;ug/m3 SC;12;IS 52;1;100;81102;PM10 Total 0-10um STP;35620;New York-Newark-Jersey City, NY-NJ-PA;36;New York;5;Bronx;40.816;-73.902
06.11.2000;AQS;360050110;1;45;ug/m3 SC;42;IS 52;1;100;81102;PM10 Total 0-10um STP;35620;New York-Newark-Jersey City, NY-NJ-PA;36;New York;5;Bronx;40.816;-73.902
06.11.2000;AQS;360050110;4;46;ug/m3 SC;43;IS 52;1;100;81102;PM10 Total 0-10um STP;35620;New York-Newark-Jersey City, NY-NJ-PA;36;New York;5;Bronx;40.816;-73.902
07.11.2000;AQS;360050110;1;13;ug/m3 SC;12;IS 52;1;100;81102;PM10 Total 0-10um STP;35620;New York-Newark-Jersey City, NY-NJ-PA;36;New York;5;Bronx;40.816;-73.902
07.11.2000;AQS;360050110;4;11;ug/m3 SC;10;IS 52;1;100;81102;PM10 Total 0-10um STP;35620;New York-Newark-Jersey City, NY-NJ-PA;36;New York;5;Bronx;40.816;-73.902
08.11.2000;AQS;360050110;4;30;ug/m3 SC;28;IS 52;1;100;81102;PM10 Total 0-10um STP;35620;New York-Newark-Jersey City, NY-NJ-PA;36;New York;5;Bronx;40.816;-73.902
09.11.2000;AQS;360050110;4;36;ug/m3 SC;33;IS 52;1;100;81102;PM10 Total 0-10um STP;35620;New York-Newark-Jersey City, NY-NJ-PA;36;New York;5;Bronx;40.816;-73.902
10.11.2000;AQS;360050110;4;25;ug/m3 SC;23;IS 52;1;100;81102;PM10 Total 0-10um STP;35620;New York-Newark-Jersey City, NY-NJ-PA;36;New York;5;Bronx;40.816;-73.902
11.11.2000;AQS;360050110;4;7;ug/m3 SC;6;IS 52;1;100;81102;PM10 Total 0-10um STP;35620;New York-Newark-Jersey City, NY-NJ-PA;36;New York;5;Bronx;40.816;-73.902
12.11.2000;AQS;360050110;4;35;ug/m3 SC;32;IS 52;1;100;81102;PM10 Total 0-10um STP;35620;New York-Newark-Jersey City, NY-NJ-PA;36;New York;5;Bronx;40.816;-73.902
01.12.2000;AQS;360050110;4;9;ug/m3 SC;8;IS 52;1;100;81102;PM10 Total 0-10um STP;35620;New York-Newark-Jersey City, NY-NJ-PA;36;New York;5;Bronx;40.816;-73.902
02.12.2000;AQS;360050110;1;14;ug/m3 SC;13;IS 52;1;100;81102;PM10 Total 0-10um STP;35620;New York-Newark-Jersey City, NY-NJ-PA;36;New York;5;Bronx;40.816;-73.902
02.12.2000;AQS;360050110;4;14;ug/m3 SC;13;IS 52;1;100;81102;PM10 Total 0-10um STP;35620;New York-Newark-Jersey City, NY-NJ-PA;36;New York;5;Bronx;40.816;-73.902
04.12.2000;AQS;360050110;1;14;ug/m3 SC;13;IS 52;1;100;81102;PM10 Total 0-10um STP;35620;New York-Newark-Jersey City, NY-NJ-PA;36;New York;5;Bronx;40.816;-73.902
05.12.2000;AQS;360050110;1;17;ug/m3 SC;16;IS 52;1;100;81102;PM10 Total 0-10um STP;35620;New York-Newark-Jersey City, NY-NJ-PA;36;New York;5;Bronx;40.816;-73.902
06.12.2000;AQS;360050110;4;18;ug/m3 SC;17;IS 52;1;100;81102;PM10 Total 0-10um STP;35620;New York-Newark-Jersey City, NY-NJ-PA;36;New York;5;Bronx;40.816;-73.902
07.12.2000;AQS;360050110;4;15;ug/m3 SC;14;IS 52;1;100;81102;PM10 Total 0-10um STP;35620;New York-Newark-Jersey City, NY-NJ-PA;36;New York;5;Bronx;40.816;-73.902
08.12.2000;AQS;360050110;4;14;ug/m3 SC;13;IS 52;1;100;81102;PM10 Total 0-10um STP;35620;New York-Newark-Jersey City, NY-NJ-PA;36;New York;5;Bronx;40.816;-73.902
09.12.2000;AQS;360050110;4;33;ug/m3 SC;31;IS 52;1;100;81102;PM10 Total 0-10um STP;35620;New York-Newark-Jersey City, NY-NJ-PA;36;New York;5;Bronx;40.816;-73.902
10.12.2000;AQS;360050110;4;28;ug/m3 SC;26;IS 52;1;100;81102;PM10 Total 0-10um STP;35620;New York-Newark-Jersey City, NY-NJ-PA;36;New York;5;Bronx;40.816;-73.902
11.12.2000;AQS;360050110;4;8;ug/m3 SC;7;IS 52;1;100;81102;PM10 Total 0-10um STP;35620;New York-Newark-Jersey City, NY-NJ-PA;36;New York;5;Bronx;40.816;-73.902
12.12.2000;AQS;360050110;4;15;ug/m3 SC;14;IS 52;1;100;81102;PM10 Total 0-10um STP;35620;New York-Newark-Jersey City, NY-NJ-PA;36;New York;5;Bronx;40.816;-73.902
01/13/2000;AQS;360050110;1;11;ug/m3 SC;10;IS 52;1;100;81102;PM10 Total 0-10um STP;35620;New York-Newark-Jersey City, NY-NJ-PA;36;New York;5;Bronx;40.816;-73.902
01/13/2000;AQS;360050110;4;13;ug/m3 SC;12;IS 52;1;100;81102;PM10 Total 0-10um STP;35620;New York-Newark-Jersey City, NY-NJ-PA;36;New York;5;Bronx;40.816;-73.902
01/14/2000;AQS;360050110;4;15;ug/m3 SC;14;IS 52;1;100;81102;PM10 Total 0-10um STP;35620;New York-Newark-Jersey City, NY-NJ-PA;36;New York;5;Bronx;40.816;-73.902
01/15/2000;AQS;360050110;4;16;ug/m3 SC;15;IS 52;1;100;81102;PM10 Total 0-10um STP;35620;New York-Newark-Jersey City, NY-NJ-PA;36;New York;5;Bronx;40.816;-73.902
01/16/2000;AQS;360050110;4;17;ug/m3 SC;16;IS 52;1;100;81102;PM10 Total 0-10um STP;35620;New York-Newark-Jersey City, NY-NJ-PA;36;New York;5;Bronx;40.816;-73.902
01/17/2000;AQS;360050110;4;13;ug/m3 SC;12;IS 52;1;100;81102;PM10 Total 0-10um STP;35620;New York-Newark-Jersey City, NY-NJ-PA;36;New York;5;Bronx;40.816;-73.902
01/18/2000;AQS;360050110;4;19;ug/m3 SC;18;IS 52;1;100;81102;PM10 Total 0-10um STP;35620;New York-Newark-Jersey City, NY-NJ-PA;36;New York;5;Bronx;40.816;-73.902
01/19/2000;AQS;360050110;1;21;ug/m3 SC;19;IS 52;1;100;81102;PM10 Total 0-10um STP;35620;New York-Newark-Jersey City, NY-NJ-PA;36;New York;5;Bronx;40.816;-73.902
01/19/2000;AQS;360050110;4;20;ug/m3 SC;19;IS 52;1;100;81102;PM10 Total 0-10um STP;35620;New York-Newark-Jersey City, NY-NJ-PA;36;New York;5;Bronx;40.816;-73.902
01/20/2000;AQS;360050110;4;20;ug/m3 SC;19;IS 52;1;100;81102;PM10 Total 0-10um STP;35620;New York-Newark-Jersey City, NY-NJ-PA;36;New York;5;Bronx;40.816;-73.902
01/21/2000;AQS;360050110;4;15;ug/m3 SC;14;IS 52;1;100;81102;PM10 Total 0-10um STP;35620;New York-Newark-Jersey City, NY-NJ-PA;36;New York;5;Bronx;40.816;-73.902
01/22/2000;AQS;360050110;4;15;ug/m3 SC;14;IS 52;1;100;81102;PM10 Total 0-10um STP;35620;New York-Newark-Jersey City, NY-NJ-PA;36;New York;5;Bronx;40.816;-73.902
01/23/2000;AQS;360050110;4;23;ug/m3 SC;21;IS 52;1;100;81102;PM10 Total 0-10um STP;35620;New York-Newark-Jersey City, NY-NJ-PA;36;New York;5;Bronx;40.816;-73.902
01/24/2000;AQS;360050110;4;37;ug/m3 SC;34;IS 52;1;100;81102;PM10 Total 0-10um STP;35620;New York-Newark-Jersey City, NY-NJ-PA;36;New York;5;Bronx;40.816;-73.902
01/25/2000;AQS;360050110;4;18;ug/m3 SC;17;IS 52;1;100;81102;PM10 Total 0-10um STP;35620;New York-Newark-Jersey City, NY-NJ-PA;36;New York;5;Bronx;40.816;-73.902
01/26/2000;AQS;360050110;4;14;ug/m3 SC;13;IS 52;1;100;81102;PM10 Total 0-10um STP;35620;New York-Newark-Jersey City, NY-NJ-PA;36;New York;5;Bronx;40.816;-73.902
01/27/2000;AQS;360050110;4;13;ug/m3 SC;12;IS 52;1;100;81102;PM10 Total 0-10um STP;35620;New York-Newark-Jersey City, NY-NJ-PA;36;New York;5;Bronx;40.816;-73.902
01/28/2000;AQS;360050110;4;12;ug/m3 SC;11;IS 52;1;100;81102;PM10 Total 0-10um STP;35620;New York-Newark-Jersey City, NY-NJ-PA;36;New York;5;Bronx;40.816;-73.902
01/29/2000;AQS;360050110;4;18;ug/m3 SC;17;IS 52;1;100;81102;PM10 Total 0-10um STP;35620;New York-Newark-Jersey City, NY-NJ-PA;36;New York;5;Bronx;40.816;-73.902
01/30/2000;AQS;360050110;4;36;ug/m3 SC;33;IS 52;1;100;81102;PM10 Total 0-10um STP;35620;New York-Newark-Jersey City, NY-NJ-PA;36;New York;5;Bronx;40.816;-73.902
01/31/2000;AQS;360050110;1;19;ug/m3 SC;18;IS 52;1;100;81102;PM10 Total 0-10um STP;35620;New York-Newark-Jersey City, NY-NJ-PA;36;New York;5;Bronx;40.816;-73.902
01/31/2000;AQS;360050110;4;18;ug/m3 SC;17;IS 52;1;100;81102;PM10 Total 0-10um STP;35620;New York-Newark-Jersey City, NY-NJ-PA;36;New York;5;Bronx;40.816;-73.902
02/13/2000;AQS;360050110;4;23;ug/m3 SC;21;IS 52;1;100;81102;PM10 Total 0-10um STP;35620;New York-Newark-Jersey City, NY-NJ-PA;36;New York;5;Bronx;40.816;-73.902
02/14/2000;AQS;360050110;4;15;ug/m3 SC;14;IS 52;1;100;81102;PM10 Total 0-10um STP;35620;New York-Newark-Jersey City, NY-NJ-PA;36;New York;5;Bronx;40.816;-73.902
02/15/2000;AQS;360050110;4;15;ug/m3 SC;14;IS 52;1;100;81102;PM10 Total 0-10um STP;35620;New York-Newark-Jersey City, NY-NJ-PA;36;New York;5;Bronx;40.816;-73.902
02/16/2000;AQS;360050110;4;28;ug/m3 SC;26;IS 52;1;100;81102;PM10 Total 0-10um STP;35620;New York-Newark-Jersey City, NY-NJ-PA;36;New York;5;Bronx;40.816;-73.902
02/17/2000;AQS;360050110;4;12;ug/m3 SC;11;IS 52;1;100;81102;PM10 Total 0-10um STP;35620;New York-Newark-Jersey City, NY-NJ-PA;36;New York;5;Bronx;40.816;-73.902
02/18/2000;AQS;360050110;1;15;ug/m3 SC;14;IS 52;1;100;81102;PM10 Total 0-10um STP;35620;New York-Newark-Jersey City, NY-NJ-PA;36;New York;5;Bronx;40.816;-73.902
02/18/2000;AQS;360050110;4;15;ug/m3 SC;14;IS 52;1;100;81102;PM10 Total 0-10um STP;35620;New York-Newark-Jersey City, NY-NJ-PA;36;New York;5;Bronx;40.816;-73.902
02/24/2000;AQS;360050110;1;50;ug/m3 SC;46;IS 52;1;100;81102;PM10 Total 0-10um STP;35620;New York-Newark-Jersey City, NY-NJ-PA;36;New York;5;Bronx;40.816;-73.902
02/24/2000;AQS;360050110;4;52;ug/m3 SC;48;IS 52;1;100;81102;PM10 Total 0-10um STP;35620;New York-Newark-Jersey City, NY-NJ-PA;36;New York;5;Bronx;40.816;-73.902
02/25/2000;AQS;360050110;4;25;ug/m3 SC;23;IS 52;1;100;81102;PM10 Total 0-10um STP;35620;New York-Newark-Jersey City, NY-NJ-PA;36;New York;5;Bronx;40.816;-73.902
02/26/2000;AQS;360050110;4;10;ug/m3 SC;9;IS 52;1;100;81102;PM10 Total 0-10um STP;35620;New York-Newark-Jersey City, NY-NJ-PA;36;New York;5;Bronx;40.816;-73.902
03/13/2000;AQS;360050110;1;13;ug/m3 SC;12;IS 52;1;100;81102;PM10 Total 0-10um STP;35620;New York-Newark-Jersey City, NY-NJ-PA;36;New York;5;Bronx;40.816;-73.902
03/14/2000;AQS;360050110;4;25;ug/m3 SC;23;IS 52;1;100;81102;PM10 Total 0-10um STP;35620;New York-Newark-Jersey City, NY-NJ-PA;36;New York;5;Bronx;40.816;-73.902
03/15/2000;AQS;360050110;4;28;ug/m3 SC;26;IS 52;1;100;81102;PM10 Total 0-10um STP;35620;New York-Newark-Jersey City, NY-NJ-PA;36;New York;5;Bronx;40.816;-73.902
03/16/2000;AQS;360050110;4;33;ug/m3 SC;31;IS 52;1;100;81102;PM10 Total 0-10um STP;35620;New York-Newark-Jersey City, NY-NJ-PA;36;New York;5;Bronx;40.816;-73.902
03/17/2000;AQS;360050110;4;9;ug/m3 SC;8;IS 52;1;100;81102;PM10 Total 0-10um STP;35620;New York-Newark-Jersey City, NY-NJ-PA;36;New York;5;Bronx;40.816;-73.902
03/18/2000;AQS;360050110;4;10;ug/m3 SC;9;IS 52;1;100;81102;PM10 Total 0-10um STP;35620;New York-Newark-Jersey City, NY-NJ-PA;36;New York;5;Bronx;40.816;-73.902
03/19/2000;AQS;360050110;4;16;ug/m3 SC;15;IS 52;1;100;81102;PM10 Total 0-10um STP;35620;New York-Newark-Jersey City, NY-NJ-PA;36;New York;5;Bronx;40.816;-73.902
03/20/2000;AQS;360050110;4;21;ug/m3 SC;19;IS 52;1;100;81102;PM10 Total 0-10um STP;35620;New York-Newark-Jersey City, NY-NJ-PA;36;New York;5;Bronx;40.816;-73.902
03/21/2000;AQS;360050110;4;17;ug/m3 SC;16;IS 52;1;100;81102;PM10 Total 0-10um STP;35620;New York-Newark-Jersey City, NY-NJ-PA;36;New York;5;Bronx;40.816;-73.902
03/22/2000;AQS;360050110;4;15;ug/m3 SC;14;IS 52;1;100;81102;PM10 Total 0-10um STP;35620;New York-Newark-Jersey City, NY-NJ-PA;36;New York;5;Bronx;40.816;-73.902
03/23/2000;AQS;360050110;4;47;ug/m3 SC;44;IS 52;1;100;81102;PM10 Total 0-10um STP;35620;New York-Newark-Jersey City, NY-NJ-PA;36;New York;5;Bronx;40.816;-73.902
03/24/2000;AQS;360050110;4;26;ug/m3 SC;24;IS 52;1;100;81102;PM10 Total 0-10um STP;35620;New York-Newark-Jersey City, NY-NJ-PA;36;New York;5;Bronx;40.816;-73.902
03/25/2000;AQS;360050110;1;32;ug/m3 SC;30;IS 52;1;100;81102;PM10 Total 0-10um STP;35620;New York-Newark-Jersey City, NY-NJ-PA;36;New York;5;Bronx;40.816;-73.902
03/25/2000;AQS;360050110;4;36;ug/m3 SC;33;IS 52;1;100;81102;PM10 Total 0-10um STP;35620;New York-Newark-Jersey City, NY-NJ-PA;36;New York;5;Bronx;40.816;-73.902
03/26/2000;AQS;360050110;4;15;ug/m3 SC;14;IS 52;1;100;81102;PM10 Total 0-10um STP;35620;New York-Newark-Jersey City, NY-NJ-PA;36;New York;5;Bronx;40.816;-73.902
03/27/2000;AQS;360050110;4;27;ug/m3 SC;25;IS 52;1;100;81102;PM10 Total 0-10um STP;35620;New York-Newark-Jersey City, NY-NJ-PA;36;New York;5;Bronx;40.816;-73.902
03/28/2000;AQS;360050110;4;14;ug/m3 SC;13;IS 52;1;100;81102;PM10 Total 0-10um STP;35620;New York-Newark-Jersey City, NY-NJ-PA;36;New York;5;Bronx;40.816;-73.902
03/29/2000;AQS;360050110;4;13;ug/m3 SC;12;IS 52;1;100;81102;PM10 Total 0-10um STP;35620;New York-Newark-Jersey City, NY-NJ-PA;36;New York;5;Bronx;40.816;-73.902
03/30/2000;AQS;360050110;4;18;ug/m3 SC;17;IS 52;1;100;81102;PM10 Total 0-10um STP;35620;New York-Newark-Jersey City, NY-NJ-PA;36;New York;5;Bronx;40.816;-73.902
03/31/2000;AQS;360050110;1;13;ug/m3 SC;12;IS 52;1;100;81102;PM10 Total 0-10um STP;35620;New York-Newark-Jersey City, NY-NJ-PA;36;New York;5;Bronx;40.816;-73.902
04/30/2000;AQS;360050110;1;14;ug/m3 SC;13;IS 52;1;100;81102;PM10 Total 0-10um STP;35620;New York-Newark-Jersey City, NY-NJ-PA;36;New York;5;Bronx;40.816;-73.902
05/18/2000;AQS;360050110;1;33;ug/m3 SC;31;IS 52;1;100;81102;PM10 Total 0-10um STP;35620;New York-Newark-Jersey City, NY-NJ-PA;36;New York;5;Bronx;40.816;-73.902
05/26/2000;AQS;360050110;4;13;ug/m3 SC;12;IS 52;1;100;81102;PM10 Total 0-10um STP;35620;New York-Newark-Jersey City, NY-NJ-PA;36;New York;5;Bronx;40.816;-73.902
05/27/2000;AQS;360050110;4;15;ug/m3 SC;14;IS 52;1;100;81102;PM10 Total 0-10um STP;35620;New York-Newark-Jersey City, NY-NJ-PA;36;New York;5;Bronx;40.816;-73.902
05/28/2000;AQS;360050110;4;10;ug/m3 SC;9;IS 52;1;100;81102;PM10 Total 0-10um STP;35620;New York-Newark-Jersey City, NY-NJ-PA;36;New York;5;Bronx;40.816;-73.902
05/29/2000;AQS;360050110;4;11;ug/m3 SC;10;IS 52;1;100;81102;PM10 Total 0-10um STP;35620;New York-Newark-Jersey City, NY-NJ-PA;36;New York;5;Bronx;40.816;-73.902
05/30/2000;AQS;360050110;1;15;ug/m3 SC;14;IS 52;1;100;81102;PM10 Total 0-10um STP;35620;New York-Newark-Jersey City, NY-NJ-PA;36;New York;5;Bronx;40.816;-73.902
05/30/2000;AQS;360050110;4;16;ug/m3 SC;15;IS 52;1;100;81102;PM10 Total 0-10um STP;35620;New York-Newark-Jersey City, NY-NJ-PA;36;New York;5;Bronx;40.816;-73.902
05/31/2000;AQS;360050110;4;24;ug/m3 SC;22;IS 52;1;100;81102;PM10 Total 0-10um STP;35620;New York-Newark-Jersey City, NY-NJ-PA;36;New York;5;Bronx;40.816;-73.902
06/13/2000;AQS;360050110;4;14;ug/m3 SC;13;IS 52;1;100;81102;PM10 Total 0-10um STP;35620;New York-Newark-Jersey City, NY-NJ-PA;36;New York;5;Bronx;40.816;-73.902
06/14/2000;AQS;360050110;4;16;ug/m3 SC;15;IS 52;1;100;81102;PM10 Total 0-10um STP;35620;New York-Newark-Jersey City, NY-NJ-PA;36;New York;5;Bronx;40.816;-73.902
06/15/2000;AQS;360050110;4;28;ug/m3 SC;26;IS 52;1;100;81102;PM10 Total 0-10um STP;35620;New York-Newark-Jersey City, NY-NJ-PA;36;New York;5;Bronx;40.816;-73.902
06/16/2000;AQS;360050110;4;37;ug/m3 SC;34;IS 52;1;100;81102;PM10 Total 0-10um STP;35620;New York-Newark-Jersey City, NY-NJ-PA;36;New York;5;Bronx;40.816;-73.902
06/17/2000;AQS;360050110;1;25;ug/m3 SC;23;IS 52;1;100;81102;PM10 Total 0-10um STP;35620;New York-Newark-Jersey City, NY-NJ-PA;36;New York;5;Bronx;40.816;-73.902
06/17/2000;AQS;360050110;4;26;ug/m3 SC;24;IS 52;1;100;81102;PM10 Total 0-10um STP;35620;New York-Newark-Jersey City, NY-NJ-PA;36;New York;5;Bronx;40.816;-73.902
06/18/2000;AQS;360050110;4;16;ug/m3 SC;15;IS 52;1;100;81102;PM10 Total 0-10um STP;35620;New York-Newark-Jersey City, NY-NJ-PA;36;New York;5;Bronx;40.816;-73.902
06/19/2000;AQS;360050110;4;14;ug/m3 SC;13;IS 52;1;100;81102;PM10 Total 0-10um STP;35620;New York-Newark-Jersey City, NY-NJ-PA;36;New York;5;Bronx;40.816;-73.902
06/20/2000;AQS;360050110;4;18;ug/m3 SC;17;IS 52;1;100;81102;PM10 Total 0-10um STP;35620;New York-Newark-Jersey City, NY-NJ-PA;36;New York;5;Bronx;40.816;-73.902
06/21/2000;AQS;360050110;4;30;ug/m3 SC;28;IS 52;1;100;81102;PM10 Total 0-10um STP;35620;New York-Newark-Jersey City, NY-NJ-PA;36;New York;5;Bronx;40.816;-73.902
06/22/2000;AQS;360050110;4;26;ug/m3 SC;24;IS 52;1;100;81102;PM10 Total 0-10um STP;35620;New York-Newark-Jersey City, NY-NJ-PA;36;New York;5;Bronx;40.816;-73.902
06/23/2000;AQS;360050110;1;17;ug/m3 SC;16;IS 52;1;100;81102;PM10 Total 0-10um STP;35620;New York-Newark-Jersey City, NY-NJ-PA;36;New York;5;Bronx;40.816;-73.902
06/23/2000;AQS;360050110;4;18;ug/m3 SC;17;IS 52;1;100;81102;PM10 Total 0-10um STP;35620;New York-Newark-Jersey City, NY-NJ-PA;36;New York;5;Bronx;40.816;-73.902
06/24/2000;AQS;360050110;4;30;ug/m3 SC;28;IS 52;1;100;81102;PM10 Total 0-10um STP;35620;New York-Newark-Jersey City, NY-NJ-PA;36;New York;5;Bronx;40.816;-73.902
06/25/2000;AQS;360050110;4;29;ug/m3 SC;27;IS 52;1;100;81102;PM10 Total 0-10um STP;35620;New York-Newark-Jersey City, NY-NJ-PA;36;New York;5;Bronx;40.816;-73.902
06/26/2000;AQS;360050110;4;39;ug/m3 SC;36;IS 52;1;100;81102;PM10 Total 0-10um STP;35620;New York-Newark-Jersey City, NY-NJ-PA;36;New York;5;Bronx;40.816;-73.902
06/27/2000;AQS;360050110;4;29;ug/m3 SC;27;IS 52;1;100;81102;PM10 Total 0-10um STP;35620;New York-Newark-Jersey City, NY-NJ-PA;36;New York;5;Bronx;40.816;-73.902
06/28/2000;AQS;360050110;4;19;ug/m3 SC;18;IS 52;1;100;81102;PM10 Total 0-10um STP;35620;New York-Newark-Jersey City, NY-NJ-PA;36;New York;5;Bronx;40.816;-73.902
06/29/2000;AQS;360050110;1;22;ug/m3 SC;20;IS 52;1;100;81102;PM10 Total 0-10um STP;35620;New York-Newark-Jersey City, NY-NJ-PA;36;New York;5;Bronx;40.816;-73.902
06/29/2000;AQS;360050110;4;23;ug/m3 SC;21;IS 52;1;100;81102;PM10 Total 0-10um STP;35620;New York-Newark-Jersey City, NY-NJ-PA;36;New York;5;Bronx;40.816;-73.902
06/30/2000;AQS;360050110;4;16;ug/m3 SC;15;IS 52;1;100;81102;PM10 Total 0-10um STP;35620;New York-Newark-Jersey City, NY-NJ-PA;36;New York;5;Bronx;40.816;-73.902
07/13/2000;AQS;360050110;4;25;ug/m3 SC;23;IS 52;1;100;81102;PM10 Total 0-10um STP;35620;New York-Newark-Jersey City, NY-NJ-PA;36;New York;5;Bronx;40.816;-73.902
07/14/2000;AQS;360050110;4;20;ug/m3 SC;19;IS 52;1;100;81102;PM10 Total 0-10um STP;35620;New York-Newark-Jersey City, NY-NJ-PA;36;New York;5;Bronx;40.816;-73.902
07/15/2000;AQS;360050110;4;16;ug/m3 SC;15;IS 52;1;100;81102;PM10 Total 0-10um STP;35620;New York-Newark-Jersey City, NY-NJ-PA;36;New York;5;Bronx;40.816;-73.902
07/16/2000;AQS;360050110;4;20;ug/m3 SC;19;IS 52;1;100;81102;PM10 Total 0-10um STP;35620;New York-Newark-Jersey City, NY-NJ-PA;36;New York;5;Bronx;40.816;-73.902
07/17/2000;AQS;360050110;1;17;ug/m3 SC;16;IS 52;1;100;81102;PM10 Total 0-10um STP;35620;New York-Newark-Jersey City, NY-NJ-PA;36;New York;5;Bronx;40.816;-73.902
07/17/2000;AQS;360050110;4;18;ug/m3 SC;17;IS 52;1;100;81102;PM10 Total 0-10um STP;35620;New York-Newark-Jersey City, NY-NJ-PA;36;New York;5;Bronx;40.816;-73.902
07/18/2000;AQS;360050110;4;35;ug/m3 SC;32;IS 52;1;100;81102;PM10 Total 0-10um STP;35620;New York-Newark-Jersey City, NY-NJ-PA;36;New York;5;Bronx;40.816;-73.902
07/19/2000;AQS;360050110;4;16;ug/m3 SC;15;IS 52;1;100;81102;PM10 Total 0-10um STP;35620;New York-Newark-Jersey City, NY-NJ-PA;36;New York;5;Bronx;40.816;-73.902
07/20/2000;AQS;360050110;4;17;ug/m3 SC;16;IS 52;1;100;81102;PM10 Total 0-10um STP;35620;New York-Newark-Jersey City, NY-NJ-PA;36;New York;5;Bronx;40.816;-73.902
07/21/2000;AQS;360050110;4;36;ug/m3 SC;33;IS 52;1;100;81102;PM10 Total 0-10um STP;35620;New York-Newark-Jersey City, NY-NJ-PA;36;New York;5;Bronx;40.816;-73.902
07/22/2000;AQS;360050110;4;17;ug/m3 SC;16;IS 52;1;100;81102;PM10 Total 0-10um STP;35620;New York-Newark-Jersey City, NY-NJ-PA;36;New York;5;Bronx;40.816;-73.902
07/23/2000;AQS;360050110;1;14;ug/m3 SC;13;IS 52;1;100;81102;PM10 Total 0-10um STP;35620;New York-Newark-Jersey City, NY-NJ-PA;36;New York;5;Bronx;40.816;-73.902
07/23/2000;AQS;360050110;4;12;ug/m3 SC;11;IS 52;1;100;81102;PM10 Total 0-10um STP;35620;New York-Newark-Jersey City, NY-NJ-PA;36;New York;5;Bronx;40.816;-73.902
07/24/2000;AQS;360050110;4;21;ug/m3 SC;19;IS 52;1;100;81102;PM10 Total 0-10um STP;35620;New York-Newark-Jersey City, NY-NJ-PA;36;New York;5;Bronx;40.816;-73.902
07/25/2000;AQS;360050110;4;14;ug/m3 SC;13;IS 52;1;100;81102;PM10 Total 0-10um STP;35620;New York-Newark-Jersey City, NY-NJ-PA;36;New York;5;Bronx;40.816;-73.902
07/26/2000;AQS;360050110;4;8;ug/m3 SC;7;IS 52;1;100;81102;PM10 Total 0-10um STP;35620;New York-Newark-Jersey City, NY-NJ-PA;36;New York;5;Bronx;40.816;-73.902
07/27/2000;AQS;360050110;4;8;ug/m3 SC;7;IS 52;1;100;81102;PM10 Total 0-10um STP;35620;New York-Newark-Jersey City, NY-NJ-PA;36;New York;5;Bronx;40.816;-73.902
07/28/2000;AQS;360050110;4;16;ug/m3 SC;15;IS 52;1;100;81102;PM10 Total 0-10um STP;35620;New York-Newark-Jersey City, NY-NJ-PA;36;New York;5;Bronx;40.816;-73.902
07/29/2000;AQS;360050110;1;16;ug/m3 SC;15;IS 52;1;100;81102;PM10 Total 0-10um STP;35620;New York-Newark-Jersey City, NY-NJ-PA;36;New York;5;Bronx;40.816;-73.902
07/29/2000;AQS;360050110;4;16;ug/m3 SC;15;IS 52;1;100;81102;PM10 Total 0-10um STP;35620;New York-Newark-Jersey City, NY-NJ-PA;36;New York;5;Bronx;40.816;-73.902
07/30/2000;AQS;360050110;4;18;ug/m3 SC;17;IS 52;1;100;81102;PM10 Total 0-10um STP;35620;New York-Newark-Jersey City, NY-NJ-PA;36;New York;5;Bronx;40.816;-73.902
07/31/2000;AQS;360050110;4;15;ug/m3 SC;14;IS 52;1;100;81102;PM10 Total 0-10um STP;35620;New York-Newark-Jersey City, NY-NJ-PA;36;New York;5;Bronx;40.816;-73.902
08/13/2000;AQS;360050110;4;10;ug/m3 SC;9;IS 52;1;100;81102;PM10 Total 0-10um STP;35620;New York-Newark-Jersey City, NY-NJ-PA;36;New York;5;Bronx;40.816;-73.902
08/14/2000;AQS;360050110;4;11;ug/m3 SC;10;IS 52;1;100;81102;PM10 Total 0-10um STP;35620;New York-Newark-Jersey City, NY-NJ-PA;36;New York;5;Bronx;40.816;-73.902
08/15/2000;AQS;360050110;4;16;ug/m3 SC;15;IS 52;1;100;81102;PM10 Total 0-10um STP;35620;New York-Newark-Jersey City, NY-NJ-PA;36;New York;5;Bronx;40.816;-73.902
08/16/2000;AQS;360050110;1;22;ug/m3 SC;20;IS 52;1;100;81102;PM10 Total 0-10um STP;35620;New York-Newark-Jersey City, NY-NJ-PA;36;New York;5;Bronx;40.816;-73.902
08/16/2000;AQS;360050110;4;24;ug/m3 SC;22;IS 52;1;100;81102;PM10 Total 0-10um STP;35620;New York-Newark-Jersey City, NY-NJ-PA;36;New York;5;Bronx;40.816;-73.902
08/17/2000;AQS;360050110;4;11;ug/m3 SC;10;IS 52;1;100;81102;PM10 Total 0-10um STP;35620;New York-Newark-Jersey City, NY-NJ-PA;36;New York;5;Bronx;40.816;-73.902
08/18/2000;AQS;360050110;4;18;ug/m3 SC;17;IS 52;1;100;81102;PM10 Total 0-10um STP;35620;New York-Newark-Jersey City, NY-NJ-PA;36;New York;5;Bronx;40.816;-73.902
08/19/2000;AQS;360050110;4;13;ug/m3 SC;12;IS 52;1;100;81102;PM10 Total 0-10um STP;35620;New York-Newark-Jersey City, NY-NJ-PA;36;New York;5;Bronx;40.816;-73.902
08/20/2000;AQS;360050110;4;7;ug/m3 SC;6;IS 52;1;100;81102;PM10 Total 0-10um STP;35620;New York-Newark-Jersey City, NY-NJ-PA;36;New York;5;Bronx;40.816;-73.902
08/21/2000;AQS;360050110;4;12;ug/m3 SC;11;IS 52;1;100;81102;PM10 Total 0-10um STP;35620;New York-Newark-Jersey City, NY-NJ-PA;36;New York;5;Bronx;40.816;-73.902
08/22/2000;AQS;360050110;1;18;ug/m3 SC;17;IS 52;1;100;81102;PM10 Total 0-10um STP;35620;New York-Newark-Jersey City, NY-NJ-PA;36;New York;5;Bronx;40.816;-73.902
08/22/2000;AQS;360050110;4;22;ug/m3 SC;20;IS 52;1;100;81102;PM10 Total 0-10um STP;35620;New York-Newark-Jersey City, NY-NJ-PA;36;New York;5;Bronx;40.816;-73.902
08/23/2000;AQS;360050110;4;32;ug/m3 SC;30;IS 52;1;100;81102;PM10 Total 0-10um STP;35620;New York-Newark-Jersey City, NY-NJ-PA;36;New York;5;Bronx;40.816;-73.902
08/24/2000;AQS;360050110;4;46;ug/m3 SC;43;IS 52;1;100;81102;PM10 Total 0-10um STP;35620;New York-Newark-Jersey City, NY-NJ-PA;36;New York;5;Bronx;40.816;-73.902
08/25/2000;AQS;360050110;4;21;ug/m3 SC;19;IS 52;1;100;81102;PM10 Total 0-10um STP;35620;New York-Newark-Jersey City, NY-NJ-PA;36;New York;5;Bronx;40.816;-73.902
08/26/2000;AQS;360050110;4;28;ug/m3 SC;26;IS 52;1;100;81102;PM10 Total 0-10um STP;35620;New York-Newark-Jersey City, NY-NJ-PA;36;New York;5;Bronx;40.816;-73.902
08/27/2000;AQS;360050110;4;40;ug/m3 SC;37;IS 52;1;100;81102;PM10 Total 0-10um STP;35620;New York-Newark-Jersey City, NY-NJ-PA;36;New York;5;Bronx;40.816;-73.902
08/28/2000;AQS;360050110;1;34;ug/m3 SC;31;IS 52;1;100;81102;PM10 Total 0-10um STP;35620;New York-Newark-Jersey City, NY-NJ-PA;36;New York;5;Bronx;40.816;-73.902
08/28/2000;AQS;360050110;4;35;ug/m3 SC;32;IS 52;1;100;81102;PM10 Total 0-10um STP;35620;New York-Newark-Jersey City, NY-NJ-PA;36;New York;5;Bronx;40.816;-73.902
08/29/2000;AQS;360050110;4;16;ug/m3 SC;15;IS 52;1;100;81102;PM10 Total 0-10um STP;35620;New York-Newark-Jersey City, NY-NJ-PA;36;New York;5;Bronx;40.816;-73.902
08/30/2000;AQS;360050110;4;23;ug/m3 SC;21;IS 52;1;100;81102;PM10 Total 0-10um STP;35620;New York-Newark-Jersey City, NY-NJ-PA;36;New York;5;Bronx;40.816;-73.902
08/31/2000;AQS;360050110;4;24;ug/m3 SC;22;IS 52;1;100;81102;PM10 Total 0-10um STP;35620;New York-Newark-Jersey City, NY-NJ-PA;36;New York;5;Bronx;40.816;-73.902
09/13/2000;AQS;360050110;4;15;ug/m3 SC;14;IS 52;1;100;81102;PM10 Total 0-10um STP;35620;New York-Newark-Jersey City, NY-NJ-PA;36;New York;5;Bronx;40.816;-73.902
09/14/2000;AQS;360050110;4;21;ug/m3 SC;19;IS 52;1;100;81102;PM10 Total 0-10um STP;35620;New York-Newark-Jersey City, NY-NJ-PA;36;New York;5;Bronx;40.816;-73.902
09/15/2000;AQS;360050110;1;16;ug/m3 SC;15;IS 52;1;100;81102;PM10 Total 0-10um STP;35620;New York-Newark-Jersey City, NY-NJ-PA;36;New York;5;Bronx;40.816;-73.902
09/15/2000;AQS;360050110;4;15;ug/m3 SC;14;IS 52;1;100;81102;PM10 Total 0-10um STP;35620;New York-Newark-Jersey City, NY-NJ-PA;36;New York;5;Bronx;40.816;-73.902
09/16/2000;AQS;360050110;4;10;ug/m3 SC;9;IS 52;1;100;81102;PM10 Total 0-10um STP;35620;New York-Newark-Jersey City, NY-NJ-PA;36;New York;5;Bronx;40.816;-73.902
09/17/2000;AQS;360050110;4;11;ug/m3 SC;10;IS 52;1;100;81102;PM10 Total 0-10um STP;35620;New York-Newark-Jersey City, NY-NJ-PA;36;New York;5;Bronx;40.816;-73.902
09/18/2000;AQS;360050110;4;35;ug/m3 SC;32;IS 52;1;100;81102;PM10 Total 0-10um STP;35620;New York-Newark-Jersey City, NY-NJ-PA;36;New York;5;Bronx;40.816;-73.902
09/19/2000;AQS;360050110;4;24;ug/m3 SC;22;IS 52;1;100;81102;PM10 Total 0-10um STP;35620;New York-Newark-Jersey City, NY-NJ-PA;36;New York;5;Bronx;40.816;-73.902
09/20/2000;AQS;360050110;4;36;ug/m3 SC;33;IS 52;1;100;81102;PM10 Total 0-10um STP;35620;New York-Newark-Jersey City, NY-NJ-PA;36;New York;5;Bronx;40.816;-73.902
09/21/2000;AQS;360050110;1;22;ug/m3 SC;20;IS 52;1;100;81102;PM10 Total 0-10um STP;35620;New York-Newark-Jersey City, NY-NJ-PA;36;New York;5;Bronx;40.816;-73.902
09/21/2000;AQS;360050110;4;26;ug/m3 SC;24;IS 52;1;100;81102;PM10 Total 0-10um STP;35620;New York-Newark-Jersey City, NY-NJ-PA;36;New York;5;Bronx;40.816;-73.902
09/22/2000;AQS;360050110;4;14;ug/m3 SC;13;IS 52;1;100;81102;PM10 Total 0-10um STP;35620;New York-Newark-Jersey City, NY-NJ-PA;36;New York;5;Bronx;40.816;-73.902
09/23/2000;AQS;360050110;4;19;ug/m3 SC;18;IS 52;1;100;81102;PM10 Total 0-10um STP;35620;New York-Newark-Jersey City, NY-NJ-PA;36;New York;5;Bronx;40.816;-73.902
09/24/2000;AQS;360050110;4;13;ug/m3 SC;12;IS 52;1;100;81102;PM10 Total 0-10um STP;35620;New York-Newark-Jersey City, NY-NJ-PA;36;New York;5;Bronx;40.816;-73.902
09/25/2000;AQS;360050110;4;9;ug/m3 SC;8;IS 52;1;100;81102;PM10 Total 0-10um STP;35620;New York-Newark-Jersey City, NY-NJ-PA;36;New York;5;Bronx;40.816;-73.902
09/26/2000;AQS;360050110;4;9;ug/m3 SC;8;IS 52;1;100;81102;PM10 Total 0-10um STP;35620;New York-Newark-Jersey City, NY-NJ-PA;36;New York;5;Bronx;40.816;-73.902
09/27/2000;AQS;360050110;1;15;ug/m3 SC;14;IS 52;1;100;81102;PM10 Total 0-10um STP;35620;New York-Newark-Jersey City, NY-NJ-PA;36;New York;5;Bronx;40.816;-73.902
09/27/2000;AQS;360050110;4;19;ug/m3 SC;18;IS 52;1;100;81102;PM10 Total 0-10um STP;35620;New York-Newark-Jersey City, NY-NJ-PA;36;New York;5;Bronx;40.816;-73.902
09/28/2000;AQS;360050110;4;17;ug/m3 SC;16;IS 52;1;100;81102;PM10 Total 0-10um STP;35620;New York-Newark-Jersey City, NY-NJ-PA;36;New York;5;Bronx;40.816;-73.902
09/29/2000;AQS;360050110;4;17;ug/m3 SC;16;IS 52;1;100;81102;PM10 Total 0-10um STP;35620;New York-Newark-Jersey City, NY-NJ-PA;36;New York;5;Bronx;40.816;-73.902
09/30/2000;AQS;360050110;4;22;ug/m3 SC;20;IS 52;1;100;81102;PM10 Total 0-10um STP;35620;New York-Newark-Jersey City, NY-NJ-PA;36;New York;5;Bronx;40.816;-73.902
10/13/2000;AQS;360050110;4;33;ug/m3 SC;31;IS 52;1;100;81102;PM10 Total 0-10um STP;35620;New York-Newark-Jersey City, NY-NJ-PA;36;New York;5;Bronx;40.816;-73.902
10/14/2000;AQS;360050110;4;38;ug/m3 SC;35;IS 52;1;100;81102;PM10 Total 0-10um STP;35620;New York-Newark-Jersey City, NY-NJ-PA;36;New York;5;Bronx;40.816;-73.902
10/15/2000;AQS;360050110;1;28;ug/m3 SC;26;IS 52;1;100;81102;PM10 Total 0-10um STP;35620;New York-Newark-Jersey City, NY-NJ-PA;36;New York;5;Bronx;40.816;-73.902
10/15/2000;AQS;360050110;4;36;ug/m3 SC;33;IS 52;1;100;81102;PM10 Total 0-10um STP;35620;New York-Newark-Jersey City, NY-NJ-PA;36;New York;5;Bronx;40.816;-73.902
10/16/2000;AQS;360050110;4;23;ug/m3 SC;21;IS 52;1;100;81102;PM10 Total 0-10um STP;35620;New York-Newark-Jersey City, NY-NJ-PA;36;New York;5;Bronx;40.816;-73.902
10/17/2000;AQS;360050110;4;19;ug/m3 SC;18;IS 52;1;100;81102;PM10 Total 0-10um STP;35620;New York-Newark-Jersey City, NY-NJ-PA;36;New York;5;Bronx;40.816;-73.902
10/18/2000;AQS;360050110;4;22;ug/m3 SC;20;IS 52;1;100;81102;PM10 Total 0-10um STP;35620;New York-Newark-Jersey City, NY-NJ-PA;36;New York;5;Bronx;40.816;-73.902
10/19/2000;AQS;360050110;4;16;ug/m3 SC;15;IS 52;1;100;81102;PM10 Total 0-10um STP;35620;New York-Newark-Jersey City, NY-NJ-PA;36;New York;5;Bronx;40.816;-73.902
10/20/2000;AQS;360050110;4;23;ug/m3 SC;21;IS 52;1;100;81102;PM10 Total 0-10um STP;35620;New York-Newark-Jersey City, NY-NJ-PA;36;New York;5;Bronx;40.816;-73.902
10/21/2000;AQS;360050110;4;39;ug/m3 SC;36;IS 52;1;100;81102;PM10 Total 0-10um STP;35620;New York-Newark-Jersey City, NY-NJ-PA;36;New York;5;Bronx;40.816;-73.902
10/22/2000;AQS;360050110;4;9;ug/m3 SC;8;IS 52;1;100;81102;PM10 Total 0-10um STP;35620;New York-Newark-Jersey City, NY-NJ-PA;36;New York;5;Bronx;40.816;-73.902
10/23/2000;AQS;360050110;4;18;ug/m3 SC;17;IS 52;1;100;81102;PM10 Total 0-10um STP;35620;New York-Newark-Jersey City, NY-NJ-PA;36;New York;5;Bronx;40.816;-73.902
10/24/2000;AQS;360050110;4;29;ug/m3 SC;27;IS 52;1;100;81102;PM10 Total 0-10um STP;35620;New York-Newark-Jersey City, NY-NJ-PA;36;New York;5;Bronx;40.816;-73.902
10/25/2000;AQS;360050110;4;38;ug/m3 SC;35;IS 52;1;100;81102;PM10 Total 0-10um STP;35620;New York-Newark-Jersey City, NY-NJ-PA;36;New York;5;Bronx;40.816;-73.902
10/26/2000;AQS;360050110;4;48;ug/m3 SC;44;IS 52;1;100;81102;PM10 Total 0-10um STP;35620;New York-Newark-Jersey City, NY-NJ-PA;36;New York;5;Bronx;40.816;-73.902
10/27/2000;AQS;360050110;4;56;ug/m3 SC;51;IS 52;1;100;81102;PM10 Total 0-10um STP;35620;New York-Newark-Jersey City, NY-NJ-PA;36;New York;5;Bronx;40.816;-73.902
10/28/2000;AQS;360050110;4;21;ug/m3 SC;19;IS 52;1;100;81102;PM10 Total 0-10um STP;35620;New York-Newark-Jersey City, NY-NJ-PA;36;New York;5;Bronx;40.816;-73.902
10/29/2000;AQS;360050110;4;7;ug/m3 SC;6;IS 52;1;100;81102;PM10 Total 0-10um STP;35620;New York-Newark-Jersey City, NY-NJ-PA;36;New York;5;Bronx;40.816;-73.902
10/30/2000;AQS;360050110;4;11;ug/m3 SC;10;IS 52;1;100;81102;PM10 Total 0-10um STP;35620;New York-Newark-Jersey City, NY-NJ-PA;36;New York;5;Bronx;40.816;-73.902
10/31/2000;AQS;360050110;4;12;ug/m3 SC;11;IS 52;1;100;81102;PM10 Total 0-10um STP;35620;New York-Newark-Jersey City, NY-NJ-PA;36;New York;5;Bronx;40.816;-73.902
11/13/2000;AQS;360050110;4;17;ug/m3 SC;16;IS 52;1;100;81102;PM10 Total 0-10um STP;35620;New York-Newark-Jersey City, NY-NJ-PA;36;New York;5;Bronx;40.816;-73.902
11/14/2000;AQS;360050110;1;19;ug/m3 SC;18;IS 52;1;100;81102;PM10 Total 0-10um STP;35620;New York-Newark-Jersey City, NY-NJ-PA;36;New York;5;Bronx;40.816;-73.902
11/14/2000;AQS;360050110;4;19;ug/m3 SC;18;IS 52;1;100;81102;PM10 Total 0-10um STP;35620;New York-Newark-Jersey City, NY-NJ-PA;36;New York;5;Bronx;40.816;-73.902
11/15/2000;AQS;360050110;4;10;ug/m3 SC;9;IS 52;1;100;81102;PM10 Total 0-10um STP;35620;New York-Newark-Jersey City, NY-NJ-PA;36;New York;5;Bronx;40.816;-73.902
11/16/2000;AQS;360050110;4;19;ug/m3 SC;18;IS 52;1;100;81102;PM10 Total 0-10um STP;35620;New York-Newark-Jersey City, NY-NJ-PA;36;New York;5;Bronx;40.816;-73.902
11/17/2000;AQS;360050110;4;19;ug/m3 SC;18;IS 52;1;100;81102;PM10 Total 0-10um STP;35620;New York-Newark-Jersey City, NY-NJ-PA;36;New York;5;Bronx;40.816;-73.902
11/18/2000;AQS;360050110;4;10;ug/m3 SC;9;IS 52;1;100;81102;PM10 Total 0-10um STP;35620;New York-Newark-Jersey City, NY-NJ-PA;36;New York;5;Bronx;40.816;-73.902
11/19/2000;AQS;360050110;4;18;ug/m3 SC;17;IS 52;1;100;81102;PM10 Total 0-10um STP;35620;New York-Newark-Jersey City, NY-NJ-PA;36;New York;5;Bronx;40.816;-73.902
11/20/2000;AQS;360050110;1;29;ug/m3 SC;27;IS 52;1;100;81102;PM10 Total 0-10um STP;35620;New York-Newark-Jersey City, NY-NJ-PA;36;New York;5;Bronx;40.816;-73.902
11/20/2000;AQS;360050110;4;25;ug/m3 SC;23;IS 52;1;100;81102;PM10 Total 0-10um STP;35620;New York-Newark-Jersey City, NY-NJ-PA;36;New York;5;Bronx;40.816;-73.902
11/21/2000;AQS;360050110;4;14;ug/m3 SC;13;IS 52;1;100;81102;PM10 Total 0-10um STP;35620;New York-Newark-Jersey City, NY-NJ-PA;36;New York;5;Bronx;40.816;-73.902
11/22/2000;AQS;360050110;4;12;ug/m3 SC;11;IS 52;1;100;81102;PM10 Total 0-10um STP;35620;New York-Newark-Jersey City, NY-NJ-PA;36;New York;5;Bronx;40.816;-73.902
11/23/2000;AQS;360050110;4;9;ug/m3 SC;8;IS 52;1;100;81102;PM10 Total 0-10um STP;35620;New York-Newark-Jersey City, NY-NJ-PA;36;New York;5;Bronx;40.816;-73.902
11/24/2000;AQS;360050110;4;14;ug/m3 SC;13;IS 52;1;100;81102;PM10 Total 0-10um STP;35620;New York-Newark-Jersey City, NY-NJ-PA;36;New York;5;Bronx;40.816;-73.902
11/25/2000;AQS;360050110;4;19;ug/m3 SC;18;IS 52;1;100;81102;PM10 Total 0-10um STP;35620;New York-Newark-Jersey City, NY-NJ-PA;36;New York;5;Bronx;40.816;-73.902
11/26/2000;AQS;360050110;1;10;ug/m3 SC;9;IS 52;1;100;81102;PM10 Total 0-10um STP;35620;New York-Newark-Jersey City, NY-NJ-PA;36;New York;5;Bronx;40.816;-73.902
11/26/2000;AQS;360050110;4;11;ug/m3 SC;10;IS 52;1;100;81102;PM10 Total 0-10um STP;35620;New York-Newark-Jersey City, NY-NJ-PA;36;New York;5;Bronx;40.816;-73.902
11/27/2000;AQS;360050110;4;13;ug/m3 SC;12;IS 52;1;100;81102;PM10 Total 0-10um STP;35620;New York-Newark-Jersey City, NY-NJ-PA;36;New York;5;Bronx;40.816;-73.902
11/28/2000;AQS;360050110;4;18;ug/m3 SC;17;IS 52;1;100;81102;PM10 Total 0-10um STP;35620;New York-Newark-Jersey City, NY-NJ-PA;36;New York;5;Bronx;40.816;-73.902
11/29/2000;AQS;360050110;4;19;ug/m3 SC;18;IS 52;1;100;81102;PM10 Total 0-10um STP;35620;New York-Newark-Jersey City, NY-NJ-PA;36;New York;5;Bronx;40.816;-73.902
11/30/2000;AQS;360050110;4;11;ug/m3 SC;10;IS 52;1;100;81102;PM10 Total 0-10um STP;35620;New York-Newark-Jersey City, NY-NJ-PA;36;New York;5;Bronx;40.816;-73.902
12/13/2000;AQS;360050110;4;15;ug/m3 SC;14;IS 52;1;100;81102;PM10 Total 0-10um STP;35620;New York-Newark-Jersey City, NY-NJ-PA;36;New York;5;Bronx;40.816;-73.902
12/14/2000;AQS;360050110;1;14;ug/m3 SC;13;IS 52;1;100;81102;PM10 Total 0-10um STP;35620;New York-Newark-Jersey City, NY-NJ-PA;36;New York;5;Bronx;40.816;-73.902
12/14/2000;AQS;360050110;4;15;ug/m3 SC;14;IS 52;1;100;81102;PM10 Total 0-10um STP;35620;New York-Newark-Jersey City, NY-NJ-PA;36;New York;5;Bronx;40.816;-73.902
12/16/2000;AQS;360050110;4;17;ug/m3 SC;16;IS 52;1;100;81102;PM10 Total 0-10um STP;35620;New York-Newark-Jersey City, NY-NJ-PA;36;New York;5;Bronx;40.816;-73.902
12/17/2000;AQS;360050110;4;13;ug/m3 SC;12;IS 52;1;100;81102;PM10 Total 0-10um STP;35620;New York-Newark-Jersey City, NY-NJ-PA;36;New York;5;Bronx;40.816;-73.902
12/18/2000;AQS;360050110;4;18;ug/m3 SC;17;IS 52;1;100;81102;PM10 Total 0-10um STP;35620;New York-Newark-Jersey City, NY-NJ-PA;36;New York;5;Bronx;40.816;-73.902
12/19/2000;AQS;360050110;4;35;ug/m3 SC;32;IS 52;1;100;81102;PM10 Total 0-10um STP;35620;New York-Newark-Jersey City, NY-NJ-PA;36;New York;5;Bronx;40.816;-73.902
12/20/2000;AQS;360050110;1;19;ug/m3 SC;18;IS 52;1;100;81102;PM10 Total 0-10um STP;35620;New York-Newark-Jersey City, NY-NJ-PA;36;New York;5;Bronx;40.816;-73.902
12/20/2000;AQS;360050110;4;19;ug/m3 SC;18;IS 52;1;100;81102;PM10 Total 0-10um STP;35620;New York-Newark-Jersey City, NY-NJ-PA;36;New York;5;Bronx;40.816;-73.902
12/21/2000;AQS;360050110;4;26;ug/m3 SC;24;IS 52;1;100;81102;PM10 Total 0-10um STP;35620;New York-Newark-Jersey City, NY-NJ-PA;36;New York;5;Bronx;40.816;-73.902
12/22/2000;AQS;360050110;4;21;ug/m3 SC;19;IS 52;1;100;81102;PM10 Total 0-10um STP;35620;New York-Newark-Jersey City, NY-NJ-PA;36;New York;5;Bronx;40.816;-73.902
12/23/2000;AQS;360050110;4;16;ug/m3 SC;15;IS 52;1;100;81102;PM10 Total 0-10um STP;35620;New York-Newark-Jersey City, NY-NJ-PA;36;New York;5;Bronx;40.816;-73.902
12/24/2000;AQS;360050110;4;23;ug/m3 SC;21;IS 52;1;100;81102;PM10 Total 0-10um STP;35620;New York-Newark-Jersey City, NY-NJ-PA;36;New York;5;Bronx;40.816;-73.902
12/25/2000;AQS;360050110;4;12;ug/m3 SC;11;IS 52;1;100;81102;PM10 Total 0-10um STP;35620;New York-Newark-Jersey City, NY-NJ-PA;36;New York;5;Bronx;40.816;-73.902
12/26/2000;AQS;360050110;1;10;ug/m3 SC;9;IS 52;1;100;81102;PM10 Total 0-10um STP;35620;New York-Newark-Jersey City, NY-NJ-PA;36;New York;5;Bronx;40.816;-73.902
12/26/2000;AQS;360050110;4;11;ug/m3 SC;10;IS 52;1;100;81102;PM10 Total 0-10um STP;35620;New York-Newark-Jersey City, NY-NJ-PA;36;New York;5;Bronx;40.816;-73.902
12/27/2000;AQS;360050110;4;15;ug/m3 SC;14;IS 52;1;100;81102;PM10 Total 0-10um STP;35620;New York-Newark-Jersey City, NY-NJ-PA;36;New York;5;Bronx;40.816;-73.902
12/28/2000;AQS;360050110;4;14;ug/m3 SC;13;IS 52;1;100;81102;PM10 Total 0-10um STP;35620;New York-Newark-Jersey City, NY-NJ-PA;36;New York;5;Bronx;40.816;-73.902
12/29/2000;AQS;360050110;4;21;ug/m3 SC;19;IS 52;1;100;81102;PM10 Total 0-10um STP;35620;New York-Newark-Jersey City, NY-NJ-PA;36;New York;5;Bronx;40.816;-73.902
12/30/2000;AQS;360050110;4;17;ug/m3 SC;16;IS 52;1;100;81102;PM10 Total 0-10um STP;35620;New York-Newark-Jersey City, NY-NJ-PA;36;New York;5;Bronx;40.816;-73.902
12/31/2000;AQS;360050110;4;10;ug/m3 SC;9;IS 52;1;100;81102;PM10 Total 0-10um STP;35620;New York-Newark-Jersey City, NY-NJ-PA;36;New York;5;Bronx;40.816;-73.902
